frame_id,disp_path,H,W,disp_scale,baseline_m,fx,fy,cx,cy,plane_a_dYdX,plane_b_dYdZ,plane_c,inlier_ratio,slope_percent,slope_angle_deg,status
ZED1_KSC_001032,datas/Depth_001\ZED1_KSC_001032_disp16.png,1080,1920,16.0,0.120009,1394.83,1394.83,932.377,559.96,0.007877366617321968,0.09693237394094467,0.021011020988225937,0.5046021738723738,9.693237394094467,5.536518993977117,ok
ZED1_KSC_001033,datas/Depth_001\ZED1_KSC_001033_disp16.png,1080,1920,16.0,0.120009,1394.83,1394.83,932.377,559.96,0.00798783078789711,0.08772128820419312,0.02693627029657364,0.4287171690116435,8.772128820419312,5.0132269006254715,ok
